<?xml version="1.0" encoding="UTF-8" ?>
<!DOCTYPE configuration PUBLIC "-//mybatis.org//DTD Config 3.0//EN" "http://mybatis.org/dtd/mybatis-3-config.dtd">
<!--核心配置文件-->
<configuration>
    <!--1.加载jdbc.properties 配置文件-->
    <properties resource="jdbc.properties"/>
    <!--2.加载log4j.properties 配置文件-->
    <settings>
        <setting name="logImpl" value="log4j"/>
    </settings>
    <!--3.起别名-->
    <typeAliases>
        <package name="com.itcast.domain"/>
    </typeAliases>
    <!--4.分页插件-->
    <plugins>
        <plugin interceptor="com.github.pagehelper.PageInterceptor"></plugin>
    </plugins>
    <!--5.配置数据库环境变量-->
    <environments default="mysql">
        <environment id="mysql">
            <transactionManager type="JDBC"></transactionManager>
            <dataSource type="POOLED">
                <property name="driver" value="${driver}"/>
                <property name="url" value="${url}"/>
                <property name="username" value="${username}"/>
                <property name="password" value="${password}"/>
            </dataSource>
        </environment>
    </environments>
    <!--6.加载映射跑配置文件-->

    <mappers>
        <package name="com.itcast"/>
    </mappers>
</configuration>